{"nodes":{"node:30000":{"location":{"x":-12,"y":-132}},"node:30001":{"location":{"x":-204,"y":-12}}},"selection":["node:30001"],"view":{"scroll":{"x":-319.406982421875,"y":-185.01544189453125},"zoom":0.75}}