{"nodes":{"node:30000":{"location":{"x":0,"y":0}},"node:30001":{"location":{"x":4,"y":120}}},"selection":["node:30001"],"view":{"scroll":{"x":-396.92446899414063,"y":-132.37580871582031},"zoom":0.75}}