{"nodes":{"node:30000":{"location":{"x":0,"y":0}},"node:30001":{"location":{"x":238,"y":120}}},"selection":["node:30001"],"view":{"scroll":{"x":-319.406982421875,"y":-185.01544189453125},"zoom":0.75}}