{"nodes":{"node:30000":{"location":{"x":-140,"y":-40}},"node:30001":{"location":{"x":-380,"y":80}},"node:30002":{"location":{"x":-156,"y":80}},"node:30003":{"location":{"x":164,"y":200}},"node:30004":{"location":{"x":84,"y":80}}},"selection":[],"view":{"scroll":{"x":-1054.3721923828125,"y":-225.8236083984375},"zoom":1.25}}