{"nodes":{"node:30000":{"location":{"x":0,"y":0}},"node:30001":{"location":{"x":4,"y":170}},"node:30002":{"location":{"x":-172,"y":290}},"node:30003":{"location":{"x":116,"y":240}},"node:30004":{"location":{"x":180,"y":290}}},"selection":[],"view":{"scroll":{"x":-396.92446899414063,"y":-132.37580871582031},"zoom":0.75}}